Subset,Size (n),Size (%)
train,23898,0.7999866099822582
val,5974,0.19997991497338735
test,1,3.347504435443377e-05
total,29873.0,1.0
