Subset,Size (n),Size (%)
train,16584,0.7000126630365961
val,2369,0.09999577898780128
test,4738,0.19999155797560256
total,23691.0,1.0
