Subset,Size (n),Size (%)
train,41333,0.700013548758595
val,5904,0.09998983843105376
test,11809,0.19999661281035125
total,59046.0,1.0
