Subset,Size (n),Size (%)
train,18589,0.7000451909316864
val,2655,0.09998493635610455
test,5310,0.1999698727122091
total,26554.0,1.0
