epoch,loss_train,loss_val
1,0.8952365433397188,0.00945769902318716
2,0.7363498403748363,0.007746731862425804
3,0.7032218395389899,0.0067726243287324905
