Subset,RMSE,MAE,MAPE,R2
train,1228636.5470637723,700774.9377328648,0.8769380482018776,0.03167604875699648
val,1290230.2802906188,693385.2722624491,0.9156315019277179,-0.0863967518414146
test,1220141.2169216664,691211.5906220891,0.8504883111961454,0.03816934634657798
total,1233247.8521140811,698123.4092471336,0.8755171425773928,0.02132955606358722
