Subset,RMSE,MAE,MAPE,R2
train,959866.8965704292,544888.1977281886,0.8251199831838709,0.40898862034229333
val,987793.981494922,546411.7663779324,0.8159164788238007,0.36322390732938914
test,967874.209240998,543713.1638322731,0.7846235474301575,0.3947758449286054
total,964297.8317744824,544805.5363121947,0.8161005762882733,0.40164611146016593
