Subset,RMSE,MAE,MAPE,R2
train,785979.4908882641,452757.7335457559,0.583241272617234,0.6037253944073075
val,901667.1863375708,508699.36656987056,0.6371562666474434,0.4694253108103915
test,929256.3588801675,515538.6132765156,0.6262959850897898,0.4421088126507521
total,828514.1298162256,470907.29168881243,0.5972430208193606,0.5582916836077317
