Subset,RMSE,MAE,MAPE,R2
train,459712.78769960115,241712.18454231485,0.375300076177177,0.8644351855901333
val,1015173.8454637746,611534.9329162432,0.9307922399574445,0.3274341084571324
test,1022611.80379752,608586.6156334681,0.8822354971978856,0.3243838527383789
total,678327.8822766597,352064.3449453075,0.5322290150010134,0.7039159075246545
