Subset,RMSE,MAE,MAPE,R2
train,808668.952779508,452823.24349916005,0.5392767082436397,0.5805160451316083
val,924560.3572592494,505653.3742285421,0.5935878305555019,0.44214088380678984
test,947138.2437550202,509255.634199485,0.5766199069115823,0.42043097859272427
total,850090.773965661,469392.0067279377,0.5521757818337045,0.5349856631245806
