Subset,RMSE,MAE,MAPE,R2
train,782436.6491796606,439396.43224702793,0.5562834638365295,0.60728979794787
val,913689.3277040203,502083.9052615282,0.6268963471551736,0.4551824327319175
test,934612.7367462859,506013.15813614085,0.6058731577077798,0.43565873367671215
total,828688.6279224947,458987.6620797371,0.573261805435264,0.5581056025771212
