Subset,RMSE,MAE,MAPE,R2
train,769250.8760366149,454404.5832705887,0.6438676854799751,0.6204143256213034
val,896165.4797494313,522255.14599632117,0.7170112586034423,0.47588037686460993
test,926661.2523391042,529333.6606329951,0.7019174076984515,0.4452204738404194
total,816254.4071512719,476174.5117484768,0.6627910473571376,0.5712670960907758
