Subset,RMSE,MAE,MAPE,R2
train,770264.076038751,452952.8356261414,0.6336358681436978,0.619413743109591
val,898912.8188024189,519673.76141440123,0.709921217276377,0.4726619054628791
test,924526.1624096367,526114.853400925,0.6902944216133424,0.447774027445241
total,816740.9661199591,474256.40595700726,0.652595146658794,0.570755819187887
