Subset,RMSE,MAE,MAPE,R2
train,474988.2035648456,272903.93046831526,0.4606801674265403,0.8552763648167758
val,995247.5202213528,612973.9882045012,0.9577163454923387,0.35357788386771105
test,1006158.6734632335,611717.4233159032,0.914812617060424,0.34594936964593703
total,677821.5369034264,374669.03154055733,0.6012036862597722,0.7043577730566559
